Condition,Conflict,Correct,Duration,Flanker,Position,Stimuli,Trial,prob
2,0,2,1.25,1,3,112,768,0.8
0,0,0,2.32083713251,0,0,.,767,0
2,3,3,1.25,2,2,232,766,0.8
0,0,0,2.63779859245,0,0,.,765,0
2,3,1,1.25,3,2,313,764,0.8
0,0,0,2.8718302985,0,0,.,763,0
2,0,3,1.25,2,1,322,762,0.8
0,0,0,2.96369501828,0,0,.,761,0
2,3,3,1.25,1,1,311,760,0.8
0,0,0,2.10485886916,0,0,.,759,0
1,2,2,1.25,0,2,020,758,0.8
0,0,0,2.00563579415,0,0,.,757,0
2,3,2,1.25,1,1,211,756,0.8
0,0,0,2.18352420394,0,0,.,755,0
2,0,1,1.25,2,2,221,754,0.8
0,0,0,2.50610885657,0,0,.,753,0
2,3,2,1.25,3,3,332,752,0.8
0,0,0,2.76382256384,0,0,.,751,0
2,3,1,1.25,3,2,313,750,0.8
0,0,0,2.4214020842,0,0,.,749,0
1,1,2,1.25,0,2,020,748,0.8
0,0,0,2.95183458078,0,0,.,747,0
2,0,1,1.25,2,2,212,746,0.8
0,0,0,2.9172248001,0,0,.,745,0
1,2,2,1.25,0,2,020,744,0.8
0,0,0,2.69027283083,0,0,.,743,0
2,3,2,1.25,1,3,112,742,0.8
0,0,0,2.86933129748,0,0,.,741,0
2,3,3,1.25,2,2,232,740,0.8
0,0,0,2.91081292852,0,0,.,739,0
2,3,3,1.25,2,1,322,738,0.8
0,0,0,2.18835841745,0,0,.,737,0
1,1,1,1.25,0,1,100,736,0.8
0,0,0,2.65215470274,0,0,.,735,0
2,3,1,1.25,3,3,331,734,0.8
0,0,0,2.87560650805,0,0,.,733,0
2,0,2,1.25,1,1,211,732,0.8
0,0,0,2.29242165831,0,0,.,731,0
2,3,1,1.25,2,2,221,730,0.8
0,0,0,2.24524749013,0,0,.,729,0
1,2,1,1.25,0,1,100,728,0.25
0,0,0,2.25785740037,0,0,.,727,0
1,1,3,1.25,0,3,003,726,0.25
0,0,0,2.2025210891,0,0,.,725,0
1,1,2,1.25,0,2,020,724,0.25
0,0,0,2.97663352727,0,0,.,723,0
1,1,1,1.25,0,1,100,722,0.25
0,0,0,2.21876176169,0,0,.,721,0
2,0,2,1.25,3,1,233,720,0.25
0,0,0,2.95090257096,0,0,.,719,0
1,1,3,1.25,0,3,003,718,0.25
0,0,0,2.16901135017,0,0,.,717,0
1,2,3,1.25,0,3,003,716,0.25
0,0,0,2.03514597517,0,0,.,715,0
2,3,2,1.25,3,3,332,714,0.25
0,0,0,2.96046983241,0,0,.,713,0
1,1,1,1.25,0,1,100,712,0.25
0,0,0,2.1863719811,0,0,.,711,0
1,2,3,1.25,0,3,003,710,0.25
0,0,0,2.08867389254,0,0,.,709,0
1,1,2,1.25,0,2,020,708,0.25
0,0,0,2.72237521517,0,0,.,707,0
2,3,1,1.25,2,2,212,706,0.25
0,0,0,2.96354778362,0,0,.,705,0
1,1,1,1.25,0,1,100,704,0.25
0,0,0,2.4384031767,0,0,.,703,0
2,3,2,1.25,3,1,233,702,0.25
0,0,0,2.31945239113,0,0,.,701,0
1,1,2,1.25,0,2,020,700,0.25
0,0,0,2.58122636696,0,0,.,699,0
1,2,1,1.25,0,1,100,698,0.25
0,0,0,2.28792147974,0,0,.,697,0
2,0,3,1.25,1,2,131,696,0.25
0,0,0,2.13290883051,0,0,.,695,0
1,1,3,1.25,0,3,003,694,0.25
0,0,0,2.63573064351,0,0,.,693,0
1,1,1,1.25,0,1,100,692,0.25
0,0,0,2.64642425497,0,0,.,691,0
1,2,3,1.25,0,3,003,690,0.25
0,0,0,2.30248804857,0,0,.,689,0
2,3,1,1.25,3,3,331,688,0.25
0,0,0,2.87692397202,0,0,.,687,0
1,1,1,1.25,0,1,100,686,0.25
0,0,0,2.85694587085,0,0,.,685,0
1,1,2,1.25,0,2,020,684,0.25
0,0,0,2.45793843547,0,0,.,683,0
1,1,3,1.25,0,3,003,682,0.25
0,0,0,2.01223092024,0,0,.,681,0
2,3,3,1.25,1,2,131,680,0.25
0,0,0,2.13661801665,0,0,.,679,0
1,1,2,1.25,0,2,020,678,0.25
0,0,0,2.99137120348,0,0,.,677,0
1,1,3,1.25,0,3,003,676,0.25
0,0,0,2.11181766172,0,0,.,675,0
1,2,1,1.25,0,1,100,674,0.25
0,0,0,2.31261204832,0,0,.,673,0
1,1,2,1.25,0,2,020,672,0.5
0,0,0,2.69754891491,0,0,.,671,0
2,3,1,1.25,2,2,221,670,0.5
0,0,0,2.34990225459,0,0,.,669,0
1,2,1,1.25,0,1,100,668,0.5
0,0,0,2.14889647455,0,0,.,667,0
1,1,3,1.25,0,3,003,666,0.5
0,0,0,2.38862846117,0,0,.,665,0
2,0,3,1.25,2,2,232,664,0.5
0,0,0,2.47406756053,0,0,.,663,0
2,3,2,1.25,3,1,233,662,0.5
0,0,0,2.68597618653,0,0,.,661,0
1,1,2,1.25,0,2,020,660,0.5
0,0,0,2.3174463047,0,0,.,659,0
2,3,1,1.25,2,2,212,658,0.5
0,0,0,2.19096255093,0,0,.,657,0
1,1,2,1.25,0,2,020,656,0.5
0,0,0,2.99899409173,0,0,.,655,0
2,0,3,1.25,1,2,131,654,0.5
0,0,0,2.71133154206,0,0,.,653,0
2,3,1,1.25,3,3,331,652,0.5
0,0,0,2.46982031694,0,0,.,651,0
1,2,1,1.25,0,1,100,650,0.5
0,0,0,2.29720719374,0,0,.,649,0
1,1,3,1.25,0,3,003,648,0.5
0,0,0,2.23719086584,0,0,.,647,0
2,3,3,1.25,2,1,322,646,0.5
0,0,0,2.05788234689,0,0,.,645,0
1,2,1,1.25,0,1,100,644,0.5
0,0,0,2.15371265499,0,0,.,643,0
1,1,3,1.25,0,3,003,642,0.5
0,0,0,2.67802733534,0,0,.,641,0
2,3,2,1.25,3,3,332,640,0.5
0,0,0,2.09191282497,0,0,.,639,0
1,1,3,1.25,0,3,003,638,0.5
0,0,0,2.29272928274,0,0,.,637,0
2,0,1,1.25,2,2,212,636,0.5
0,0,0,2.26751795987,0,0,.,635,0
2,3,1,1.25,2,2,221,634,0.5
0,0,0,2.78269459128,0,0,.,633,0
1,1,3,1.25,0,3,003,632,0.5
0,0,0,2.74268758492,0,0,.,631,0
2,3,2,1.25,3,1,233,630,0.5
0,0,0,2.62077422055,0,0,.,629,0
1,1,3,1.25,0,3,003,628,0.5
0,0,0,2.82857635606,0,0,.,627,0
2,3,3,1.25,2,2,232,626,0.5
0,0,0,2.16786085053,0,0,.,625,0
1,1,2,1.25,0,2,020,624,0.5
0,0,0,2.91633802753,0,0,.,623,0
2,3,1,1.25,3,2,313,622,0.5
0,0,0,2.85573306303,0,0,.,621,0
1,1,2,1.25,0,2,020,620,0.5
0,0,0,2.08707128896,0,0,.,619,0
2,3,2,1.25,1,1,211,618,0.5
0,0,0,2.18510678098,0,0,.,617,0
1,2,1,1.25,0,1,100,616,0.5
0,0,0,2.59901600854,0,0,.,615,0
1,1,2,1.25,0,2,020,614,0.5
0,0,0,2.69550622132,0,0,.,613,0
2,3,3,1.25,1,1,311,612,0.5
0,0,0,2.2860995734,0,0,.,611,0
1,1,1,1.25,0,1,100,610,0.5
0,0,0,2.15889487138,0,0,.,609,0
2,0,3,1.25,1,1,311,608,0.5
0,0,0,2.58831852761,0,0,.,607,0
2,3,1,1.25,3,3,331,606,0.5
0,0,0,2.02131276537,0,0,.,605,0
1,1,3,1.25,0,3,003,604,0.5
0,0,0,2.37928759284,0,0,.,603,0
2,3,2,1.25,1,3,112,602,0.5
0,0,0,2.57391462969,0,0,.,601,0
1,1,2,1.25,0,2,020,600,0.5
0,0,0,2.90278913432,0,0,.,599,0
2,3,3,1.25,2,1,322,598,0.5
0,0,0,2.61693030561,0,0,.,597,0
1,1,1,1.25,0,1,100,596,0.5
0,0,0,2.70386021326,0,0,.,595,0
2,3,3,1.25,1,2,131,594,0.5
0,0,0,2.55037365479,0,0,.,593,0
1,1,1,1.25,0,1,100,592,0.5
0,0,0,2.57805661258,0,0,.,591,0
2,0,2,1.25,3,3,332,590,0.5
0,0,0,2.33284371395,0,0,.,589,0
2,3,2,1.25,1,3,112,588,0.5
0,0,0,2.52135703619,0,0,.,587,0
1,1,1,1.25,0,1,100,586,0.5
0,0,0,2.6963004678,0,0,.,585,0
2,3,1,1.25,3,2,313,584,0.5
0,0,0,2.01392694622,0,0,.,583,0
1,1,3,1.25,0,3,003,582,0.5
0,0,0,2.25783279037,0,0,.,581,0
2,3,2,1.25,1,1,211,580,0.5
0,0,0,2.49382319875,0,0,.,579,0
1,2,2,1.25,0,2,020,578,0.5
0,0,0,2.51125460982,0,0,.,577,0
1,1,1,1.25,0,1,100,576,0.25
0,0,0,2.17929224608,0,0,.,575,0
1,1,3,1.25,0,3,003,574,0.25
0,0,0,2.24824131096,0,0,.,573,0
1,2,1,1.25,0,1,100,572,0.25
0,0,0,2.60515520947,0,0,.,571,0
2,3,3,1.25,1,1,311,570,0.25
0,0,0,2.95692858749,0,0,.,569,0
1,1,2,1.25,0,2,020,568,0.25
0,0,0,2.34716001568,0,0,.,567,0
1,1,3,1.25,0,3,003,566,0.25
0,0,0,2.44599324255,0,0,.,565,0
1,1,2,1.25,0,2,020,564,0.25
0,0,0,2.33363822374,0,0,.,563,0
2,3,2,1.25,3,3,332,562,0.25
0,0,0,2.55418116153,0,0,.,561,0
1,1,3,1.25,0,3,003,560,0.25
0,0,0,2.17301126384,0,0,.,559,0
1,1,1,1.25,0,1,100,558,0.25
0,0,0,2.52067817603,0,0,.,557,0
1,1,3,1.25,0,3,003,556,0.25
0,0,0,2.47366711715,0,0,.,555,0
2,0,3,1.25,2,2,232,554,0.25
0,0,0,2.37598616763,0,0,.,553,0
1,2,1,1.25,0,1,100,552,0.25
0,0,0,2.09893219926,0,0,.,551,0
1,1,2,1.25,0,2,020,550,0.25
0,0,0,2.10020135177,0,0,.,549,0
2,3,2,1.25,1,3,112,548,0.25
0,0,0,2.07842220427,0,0,.,547,0
1,1,3,1.25,0,3,003,546,0.25
0,0,0,2.82906289144,0,0,.,545,0
2,0,2,1.25,3,1,233,544,0.25
0,0,0,2.75032172058,0,0,.,543,0
1,1,2,1.25,0,2,020,542,0.25
0,0,0,2.44665551638,0,0,.,541,0
1,1,2,1.25,0,2,020,540,0.25
0,0,0,2.92213627329,0,0,.,539,0
1,1,3,1.25,0,3,003,538,0.25
0,0,0,2.42667853922,0,0,.,537,0
2,3,1,1.25,3,3,331,536,0.25
0,0,0,2.8572074482,0,0,.,535,0
1,1,2,1.25,0,2,020,534,0.25
0,0,0,2.43381342859,0,0,.,533,0
1,2,3,1.25,0,3,003,532,0.25
0,0,0,2.1824898279,0,0,.,531,0
1,1,2,1.25,0,2,020,530,0.25
0,0,0,2.29201771126,0,0,.,529,0
2,3,3,1.25,2,1,322,528,0.25
0,0,0,2.62697686043,0,0,.,527,0
1,2,3,1.25,0,3,003,526,0.25
0,0,0,2.51767687472,0,0,.,525,0
1,1,2,1.25,0,2,020,524,0.25
0,0,0,2.5101868253,0,0,.,523,0
1,2,1,1.25,0,1,100,522,0.25
0,0,0,2.52143061952,0,0,.,521,0
2,3,1,1.25,2,2,221,520,0.8
0,0,0,2.15231105066,0,0,.,519,0
2,3,3,1.25,2,1,322,518,0.8
0,0,0,2.35562156246,0,0,.,517,0
2,3,2,1.25,3,3,332,516,0.8
0,0,0,2.63954398866,0,0,.,515,0
2,3,3,1.25,1,1,311,514,0.8
0,0,0,2.58407770655,0,0,.,513,0
1,1,1,1.25,0,1,100,512,0.8
0,0,0,2.06638605988,0,0,.,511,0
2,3,2,1.25,3,1,233,510,0.8
0,0,0,2.4135225132,0,0,.,509,0
2,0,1,1.25,2,2,212,508,0.8
0,0,0,2.51196474346,0,0,.,507,0
2,3,3,1.25,2,2,232,506,0.8
0,0,0,2.53890627527,0,0,.,505,0
2,0,3,1.25,1,2,131,504,0.8
0,0,0,2.12554615088,0,0,.,503,0
1,1,1,1.25,0,1,100,502,0.8
0,0,0,2.66269422727,0,0,.,501,0
2,3,1,1.25,3,3,331,500,0.8
0,0,0,2.96764704945,0,0,.,499,0
2,3,2,1.25,1,1,211,498,0.8
0,0,0,2.45526032878,0,0,.,497,0
2,3,1,1.25,3,2,313,496,0.8
0,0,0,2.37986992688,0,0,.,495,0
1,2,2,1.25,0,2,020,494,0.8
0,0,0,2.08527788668,0,0,.,493,0
2,3,1,1.25,3,2,313,492,0.8
0,0,0,2.19465031517,0,0,.,491,0
2,0,1,1.25,2,2,212,490,0.8
0,0,0,2.05198426305,0,0,.,489,0
1,1,3,1.25,0,3,003,488,0.8
0,0,0,2.46514529804,0,0,.,487,0
2,3,1,1.25,2,2,221,486,0.8
0,0,0,2.45207742126,0,0,.,485,0
2,3,3,1.25,1,1,311,484,0.8
0,0,0,2.00218251056,0,0,.,483,0
2,0,3,1.25,1,2,131,482,0.8
0,0,0,2.07732892601,0,0,.,481,0
1,2,2,1.25,0,2,020,480,0.2
0,0,0,2.33513708548,0,0,.,479,0
1,1,1,1.25,0,1,100,478,0.2
0,0,0,2.65237066945,0,0,.,477,0
1,1,2,1.25,0,2,020,476,0.2
0,0,0,2.96998614749,0,0,.,475,0
1,2,3,1.25,0,3,003,474,0.2
0,0,0,2.61844277238,0,0,.,473,0
1,1,2,1.25,0,2,020,472,0.2
0,0,0,2.8191547993,0,0,.,471,0
2,3,2,1.25,1,1,211,470,0.2
0,0,0,2.29125470597,0,0,.,469,0
1,2,1,1.25,0,1,100,468,0.2
0,0,0,2.4751218016,0,0,.,467,0
1,1,2,1.25,0,2,020,466,0.2
0,0,0,2.39504727853,0,0,.,465,0
2,3,2,1.25,1,3,112,464,0.2
0,0,0,2.57625487616,0,0,.,463,0
1,1,1,1.25,0,1,100,462,0.2
0,0,0,2.1505381911,0,0,.,461,0
1,2,3,1.25,0,3,003,460,0.2
0,0,0,2.24051690379,0,0,.,459,0
1,1,2,1.25,0,2,020,458,0.2
0,0,0,2.06145004365,0,0,.,457,0
2,3,1,1.25,3,3,331,456,0.2
0,0,0,2.22175956936,0,0,.,455,0
1,2,1,1.25,0,1,100,454,0.2
0,0,0,2.88472888159,0,0,.,453,0
1,1,1,1.25,0,1,100,452,0.2
0,0,0,2.50493571699,0,0,.,451,0
1,2,2,1.25,0,2,020,450,0.2
0,0,0,2.76238803741,0,0,.,449,0
2,0,1,1.25,2,2,212,448,0.2
0,0,0,2.61246726839,0,0,.,447,0
1,1,3,1.25,0,3,003,446,0.2
0,0,0,2.07778942913,0,0,.,445,0
1,2,3,1.25,0,3,003,444,0.2
0,0,0,2.6980709153,0,0,.,443,0
1,1,2,1.25,0,2,020,442,0.2
0,0,0,2.51679350219,0,0,.,441,0
2,3,3,1.25,1,2,131,440,0.75
0,0,0,2.68397209705,0,0,.,439,0
2,3,2,1.25,1,1,211,438,0.75
0,0,0,2.19338325574,0,0,.,437,0
2,0,3,1.25,2,2,232,436,0.75
0,0,0,2.18627044135,0,0,.,435,0
1,1,3,1.25,0,3,003,434,0.75
0,0,0,2.49298770678,0,0,.,433,0
2,3,2,1.25,3,3,332,432,0.75
0,0,0,2.25807558026,0,0,.,431,0
2,0,3,1.25,1,2,131,430,0.75
0,0,0,2.44638713028,0,0,.,429,0
2,3,2,1.25,1,3,112,428,0.75
0,0,0,2.80471665673,0,0,.,427,0
1,1,3,1.25,0,3,003,426,0.75
0,0,0,2.36360078908,0,0,.,425,0
2,3,2,1.25,1,1,211,424,0.75
0,0,0,2.27570937504,0,0,.,423,0
2,0,3,1.25,1,1,311,422,0.75
0,0,0,2.95336352205,0,0,.,421,0
2,3,1,1.25,3,2,313,420,0.75
0,0,0,2.60405559687,0,0,.,419,0
1,1,1,1.25,0,1,100,418,0.75
0,0,0,2.45002036059,0,0,.,417,0
2,0,3,1.25,2,1,322,416,0.75
0,0,0,2.32007209061,0,0,.,415,0
1,1,3,1.25,0,3,003,414,0.75
0,0,0,2.3237139354,0,0,.,413,0
2,3,2,1.25,3,3,332,412,0.75
0,0,0,2.62427948159,0,0,.,411,0
2,0,3,1.25,2,1,322,410,0.75
0,0,0,2.35510600172,0,0,.,409,0
2,3,2,1.25,3,1,233,408,0.75
0,0,0,2.05800738341,0,0,.,407,0
1,2,1,1.25,0,1,100,406,0.75
0,0,0,2.17474286334,0,0,.,405,0
2,0,1,1.25,2,2,212,404,0.75
0,0,0,2.28167549265,0,0,.,403,0
2,3,1,1.25,3,2,313,402,0.75
0,0,0,2.36264586753,0,0,.,401,0
2,3,3,1.25,2,2,232,400,0.75
0,0,0,2.85199916764,0,0,.,399,0
1,1,1,1.25,0,1,100,398,0.75
0,0,0,2.7509184489,0,0,.,397,0
2,3,1,1.25,2,2,221,396,0.75
0,0,0,2.96410614434,0,0,.,395,0
2,0,1,1.25,2,2,221,394,0.75
0,0,0,2.06525200263,0,0,.,393,0
1,1,1,1.25,0,1,100,392,0.75
0,0,0,2.19902243371,0,0,.,391,0
2,3,3,1.25,1,1,311,390,0.75
0,0,0,2.51571873726,0,0,.,389,0
2,3,1,1.25,3,3,331,388,0.75
0,0,0,2.92603560163,0,0,.,387,0
2,3,2,1.25,1,3,112,386,0.75
0,0,0,2.30372813154,0,0,.,385,0
2,3,3,1.25,2,1,322,384,0.5
0,0,0,2.52113344325,0,0,.,383,0
1,1,1,1.25,0,1,100,382,0.5
0,0,0,2.75592377107,0,0,.,381,0
2,0,2,1.25,3,3,332,380,0.5
0,0,0,2.70209431649,0,0,.,379,0
2,3,1,1.25,3,3,331,378,0.5
0,0,0,2.40006062185,0,0,.,377,0
1,2,3,1.25,0,3,003,376,0.5
0,0,0,2.08540056747,0,0,.,375,0
1,1,2,1.25,0,2,020,374,0.5
0,0,0,2.85001248524,0,0,.,373,0
2,0,1,1.25,3,3,331,372,0.5
0,0,0,2.44424149028,0,0,.,371,0
2,3,3,1.25,1,1,311,370,0.5
0,0,0,2.39005649095,0,0,.,369,0
1,2,1,1.25,0,1,100,368,0.5
0,0,0,2.89090499497,0,0,.,367,0
1,1,1,1.25,0,1,100,366,0.5
0,0,0,2.97896400623,0,0,.,365,0
2,0,2,1.25,3,3,332,364,0.5
0,0,0,2.54135693224,0,0,.,363,0
2,3,2,1.25,3,1,233,362,0.5
0,0,0,2.90728692619,0,0,.,361,0
1,2,1,1.25,0,1,100,360,0.5
0,0,0,2.0735151554,0,0,.,359,0
1,1,1,1.25,0,1,100,358,0.5
0,0,0,2.92983074859,0,0,.,357,0
2,0,3,1.25,2,2,232,356,0.5
0,0,0,2.28561481172,0,0,.,355,0
2,3,3,1.25,1,2,131,354,0.5
0,0,0,2.87257465269,0,0,.,353,0
1,1,1,1.25,0,1,100,352,0.5
0,0,0,2.32488164264,0,0,.,351,0
2,0,3,1.25,1,2,131,350,0.5
0,0,0,2.00384516834,0,0,.,349,0
2,3,1,1.25,2,2,221,348,0.5
0,0,0,2.03173600468,0,0,.,347,0
1,1,3,1.25,0,3,003,346,0.5
0,0,0,2.6925292566,0,0,.,345,0
2,0,2,1.25,1,3,112,344,0.5
0,0,0,2.0202497756,0,0,.,343,0
2,3,3,1.25,2,1,322,342,0.5
0,0,0,2.7152612899,0,0,.,341,0
1,1,1,1.25,0,1,100,340,0.5
0,0,0,2.17040731604,0,0,.,339,0
2,3,1,1.25,2,2,212,338,0.5
0,0,0,2.17512331642,0,0,.,337,0
1,1,3,1.25,0,3,003,336,0.5
0,0,0,2.72264537793,0,0,.,335,0
2,0,3,1.25,2,2,232,334,0.5
0,0,0,2.15011914776,0,0,.,333,0
2,3,1,1.25,3,2,313,332,0.5
0,0,0,2.19662292287,0,0,.,331,0
1,2,1,1.25,0,1,100,330,0.5
0,0,0,2.86626193742,0,0,.,329,0
1,1,2,1.25,0,2,020,328,0.5
0,0,0,2.53824442417,0,0,.,327,0
2,3,1,1.25,3,2,313,326,0.5
0,0,0,2.76178506319,0,0,.,325,0
1,2,2,1.25,0,2,020,324,0.5
0,0,0,2.5523152765,0,0,.,323,0
1,1,2,1.25,0,2,020,322,0.5
0,0,0,2.71502048069,0,0,.,321,0
2,3,1,1.25,2,2,221,320,0.5
0,0,0,2.91796047924,0,0,.,319,0
1,2,2,1.25,0,2,020,318,0.5
0,0,0,2.52614558211,0,0,.,317,0
1,1,2,1.25,0,2,020,316,0.5
0,0,0,2.48613389132,0,0,.,315,0
2,3,3,1.25,1,1,311,314,0.5
0,0,0,2.28721596037,0,0,.,313,0
1,1,3,1.25,0,3,003,312,0.5
0,0,0,2.73419175174,0,0,.,311,0
2,0,2,1.25,3,1,233,310,0.5
0,0,0,2.12519535989,0,0,.,309,0
2,3,2,1.25,1,3,112,308,0.5
0,0,0,2.87021579051,0,0,.,307,0
1,1,3,1.25,0,3,003,306,0.5
0,0,0,2.31489599511,0,0,.,305,0
2,3,2,1.25,1,1,211,304,0.5
0,0,0,2.73225735052,0,0,.,303,0
1,1,2,1.25,0,2,020,302,0.5
0,0,0,2.48441080311,0,0,.,301,0
2,3,1,1.25,2,2,212,300,0.5
0,0,0,2.42507887798,0,0,.,299,0
1,2,3,1.25,0,3,003,298,0.5
0,0,0,2.22144963296,0,0,.,297,0
1,1,2,1.25,0,2,020,296,0.5
0,0,0,2.60548155046,0,0,.,295,0
2,3,2,1.25,1,1,211,294,0.5
0,0,0,2.2669283181,0,0,.,293,0
1,2,3,1.25,0,3,003,292,0.5
0,0,0,2.95733564679,0,0,.,291,0
1,1,3,1.25,0,3,003,290,0.5
0,0,0,2.24544827464,0,0,.,289,0
1,2,3,1.25,0,3,003,288,0.5
0,0,0,2.33653235311,0,0,.,287,0
1,1,2,1.25,0,2,020,286,0.5
0,0,0,2.56710418455,0,0,.,285,0
2,3,1,1.25,2,2,212,284,0.5
0,0,0,2.37737805461,0,0,.,283,0
1,2,2,1.25,0,2,020,282,0.5
0,0,0,2.59803905887,0,0,.,281,0
1,1,2,1.25,0,2,020,280,0.5
0,0,0,2.43990225863,0,0,.,279,0
2,0,1,1.25,2,2,212,278,0.5
0,0,0,2.28789561057,0,0,.,277,0
2,3,3,1.25,2,1,322,276,0.5
0,0,0,2.66334615153,0,0,.,275,0
1,1,3,1.25,0,3,003,274,0.5
0,0,0,2.2697908327,0,0,.,273,0
2,3,2,1.25,3,3,332,272,0.5
0,0,0,2.21214728604,0,0,.,271,0
1,1,3,1.25,0,3,003,270,0.5
0,0,0,2.32529899166,0,0,.,269,0
2,3,3,1.25,1,1,311,268,0.5
0,0,0,2.3351960154,0,0,.,267,0
1,1,1,1.25,0,1,100,266,0.5
0,0,0,2.48008392841,0,0,.,265,0
2,0,2,1.25,1,1,211,264,0.5
0,0,0,2.40133121203,0,0,.,263,0
2,3,1,1.25,3,3,331,262,0.5
0,0,0,2.57497540155,0,0,.,261,0
1,2,2,1.25,0,2,020,260,0.5
0,0,0,2.37802629561,0,0,.,259,0
1,1,2,1.25,0,2,020,258,0.5
0,0,0,2.0719922762,0,0,.,257,0
2,0,3,1.25,2,1,322,256,0.5
0,0,0,2.38181309195,0,0,.,255,0
2,3,2,1.25,1,3,112,254,0.5
0,0,0,2.7809631265,0,0,.,253,0
1,1,1,1.25,0,1,100,252,0.5
0,0,0,2.24660578421,0,0,.,251,0
2,0,2,1.25,1,1,211,250,0.5
0,0,0,2.65838651904,0,0,.,249,0
2,3,3,1.25,1,2,131,248,0.5
0,0,0,2.95737163191,0,0,.,247,0
1,2,1,1.25,0,1,100,246,0.5
0,0,0,2.53817924181,0,0,.,245,0
1,1,1,1.25,0,1,100,244,0.5
0,0,0,2.14408836783,0,0,.,243,0
2,3,2,1.25,3,1,233,242,0.5
0,0,0,2.28544205771,0,0,.,241,0
1,2,3,1.25,0,3,003,240,0.5
0,0,0,2.36098739607,0,0,.,239,0
1,1,2,1.25,0,2,020,238,0.5
0,0,0,2.37291962808,0,0,.,237,0
2,0,1,1.25,2,2,221,236,0.5
0,0,0,2.35751883937,0,0,.,235,0
2,3,3,1.25,2,2,232,234,0.5
0,0,0,2.77429942017,0,0,.,233,0
1,1,3,1.25,0,3,003,232,0.5
0,0,0,2.21503409387,0,0,.,231,0
2,3,1,1.25,3,2,313,230,0.5
0,0,0,2.26194503451,0,0,.,229,0
1,1,3,1.25,0,3,003,228,0.5
0,0,0,2.30842864616,0,0,.,227,0
2,3,1,1.25,3,2,313,226,0.5
0,0,0,2.77556466548,0,0,.,225,0
1,2,3,1.25,0,3,003,224,0.5
0,0,0,2.00996493969,0,0,.,223,0
1,1,1,1.25,0,1,100,222,0.5
0,0,0,2.22406184223,0,0,.,221,0
2,3,3,1.25,1,2,131,220,0.5
0,0,0,2.97623043152,0,0,.,219,0
1,2,1,1.25,0,1,100,218,0.5
0,0,0,2.96015700459,0,0,.,217,0
1,1,1,1.25,0,1,100,216,0.5
0,0,0,2.44795460662,0,0,.,215,0
2,0,3,1.25,1,1,311,214,0.5
0,0,0,2.6965700879,0,0,.,213,0
2,3,2,1.25,3,1,233,212,0.5
0,0,0,2.48729927485,0,0,.,211,0
1,1,2,1.25,0,2,020,210,0.5
0,0,0,2.31915411412,0,0,.,209,0
2,0,1,1.25,2,2,221,208,0.5
0,0,0,2.79977376453,0,0,.,207,0
2,3,3,1.25,2,2,232,206,0.5
0,0,0,2.86204489892,0,0,.,205,0
1,1,1,1.25,0,1,100,204,0.5
0,0,0,2.11632031619,0,0,.,203,0
2,0,2,1.25,1,3,112,202,0.5
0,0,0,2.8817252844,0,0,.,201,0
2,3,1,1.25,3,3,331,200,0.5
0,0,0,2.01519285419,0,0,.,199,0
1,1,3,1.25,0,3,003,198,0.5
0,0,0,2.95985379693,0,0,.,197,0
2,3,2,1.25,3,3,332,196,0.5
0,0,0,2.40108371527,0,0,.,195,0
1,2,2,1.25,0,2,020,194,0.5
0,0,0,2.60294429306,0,0,.,193,0
2,0,2,1.25,3,1,233,192,0.75
0,0,0,2.02691182718,0,0,.,191,0
2,3,2,1.25,1,1,211,190,0.75
0,0,0,2.0355787436,0,0,.,189,0
2,3,2,1.25,1,3,112,188,0.75
0,0,0,2.61369079522,0,0,.,187,0
2,3,1,1.25,3,2,313,186,0.75
0,0,0,2.76347237375,0,0,.,185,0
1,1,3,1.25,0,3,003,184,0.75
0,0,0,2.73053276276,0,0,.,183,0
2,3,1,1.25,2,2,212,182,0.75
0,0,0,2.54674584387,0,0,.,181,0
2,0,2,1.25,3,3,332,180,0.75
0,0,0,2.3459667663,0,0,.,179,0
2,3,2,1.25,1,3,112,178,0.75
0,0,0,2.32255076714,0,0,.,177,0
1,2,1,1.25,0,1,100,176,0.75
0,0,0,2.3663067686,0,0,.,175,0
2,0,2,1.25,3,1,233,174,0.75
0,0,0,2.72551817905,0,0,.,173,0
2,3,1,1.25,3,3,331,172,0.75
0,0,0,2.61157075967,0,0,.,171,0
1,1,2,1.25,0,2,020,170,0.75
0,0,0,2.92017343042,0,0,.,169,0
2,0,3,1.25,1,1,311,168,0.75
0,0,0,2.21175214995,0,0,.,167,0
2,3,1,1.25,2,2,212,166,0.75
0,0,0,2.73374323074,0,0,.,165,0
2,0,2,1.25,3,3,332,164,0.75
0,0,0,2.02680036424,0,0,.,163,0
1,1,1,1.25,0,1,100,162,0.75
0,0,0,2.80304811747,0,0,.,161,0
2,3,1,1.25,3,2,313,160,0.75
0,0,0,2.57129565882,0,0,.,159,0
2,0,3,1.25,1,2,131,158,0.75
0,0,0,2.29911187375,0,0,.,157,0
2,3,1,1.25,2,2,221,156,0.75
0,0,0,2.51379395285,0,0,.,155,0
1,2,1,1.25,0,1,100,154,0.75
0,0,0,2.59315239239,0,0,.,153,0
2,3,3,1.25,2,2,232,152,0.75
0,0,0,2.81930012515,0,0,.,151,0
2,0,1,1.25,2,2,221,150,0.75
0,0,0,2.27834479999,0,0,.,149,0
2,3,1,1.25,3,3,331,148,0.75
0,0,0,2.62406587414,0,0,.,147,0
1,1,2,1.25,0,2,020,146,0.75
0,0,0,2.71123380724,0,0,.,145,0
2,3,3,1.25,1,1,311,144,0.75
0,0,0,2.38035216241,0,0,.,143,0
1,2,3,1.25,0,3,003,142,0.75
0,0,0,2.39268663073,0,0,.,141,0
2,3,3,1.25,1,2,131,140,0.75
0,0,0,2.23056420673,0,0,.,139,0
2,3,2,1.25,1,1,211,138,0.75
0,0,0,2.43890481956,0,0,.,137,0
1,1,2,1.25,0,2,020,136,0.2
0,0,0,2.72298107786,0,0,.,135,0
1,2,3,1.25,0,3,003,134,0.2
0,0,0,2.25501783536,0,0,.,133,0
1,1,1,1.25,0,1,100,132,0.2
0,0,0,2.14355320703,0,0,.,131,0
1,2,1,1.25,0,1,100,130,0.2
0,0,0,2.89102681757,0,0,.,129,0
1,1,3,1.25,0,3,003,128,0.2
0,0,0,2.80715743818,0,0,.,127,0
2,3,3,1.25,2,1,322,126,0.2
0,0,0,2.51695506639,0,0,.,125,0
1,2,2,1.25,0,2,020,124,0.2
0,0,0,2.90137248551,0,0,.,123,0
1,1,2,1.25,0,2,020,122,0.2
0,0,0,2.14746606784,0,0,.,121,0
1,2,3,1.25,0,3,003,120,0.2
0,0,0,2.9693028243,0,0,.,119,0
2,3,2,1.25,3,1,233,118,0.2
0,0,0,2.74584924178,0,0,.,117,0
1,1,2,1.25,0,2,020,116,0.2
0,0,0,2.71997274468,0,0,.,115,0
2,3,3,1.25,2,1,322,114,0.2
0,0,0,2.20466917141,0,0,.,113,0
1,1,3,1.25,0,3,003,112,0.2
0,0,0,2.89259410248,0,0,.,111,0
1,1,2,1.25,0,2,020,110,0.2
0,0,0,2.62393848698,0,0,.,109,0
1,1,3,1.25,0,3,003,108,0.2
0,0,0,2.38242088975,0,0,.,107,0
1,1,1,1.25,0,1,100,106,0.2
0,0,0,2.54625738157,0,0,.,105,0
2,0,3,1.25,2,2,232,104,0.2
0,0,0,2.88769054157,0,0,.,103,0
1,1,1,1.25,0,1,100,102,0.2
0,0,0,2.14611511809,0,0,.,101,0
1,1,3,1.25,0,3,003,100,0.2
0,0,0,2.953373036,0,0,.,99,0
1,1,2,1.25,0,2,020,98,0.2
0,0,0,2.36768119844,0,0,.,97,0
1,1,3,1.25,0,3,003,96,0.5
0,0,0,2.10915357159,0,0,.,95,0
2,3,1,1.25,3,2,313,94,0.5
0,0,0,2.50806985981,0,0,.,93,0
1,2,1,1.25,0,1,100,92,0.5
0,0,0,2.47905582139,0,0,.,91,0
1,1,2,1.25,0,2,020,90,0.5
0,0,0,2.12610117482,0,0,.,89,0
2,0,2,1.25,3,1,233,88,0.5
0,0,0,2.45615954046,0,0,.,87,0
2,3,1,1.25,3,3,331,86,0.5
0,0,0,2.97612027612,0,0,.,85,0
1,1,1,1.25,0,1,100,84,0.5
0,0,0,2.14100041691,0,0,.,83,0
2,0,2,1.25,1,3,112,82,0.5
0,0,0,2.57496925518,0,0,.,81,0
2,3,1,1.25,3,3,331,80,0.5
0,0,0,2.35353445765,0,0,.,79,0
1,1,2,1.25,0,2,020,78,0.5
0,0,0,2.25259768911,0,0,.,77,0
2,0,2,1.25,3,3,332,76,0.5
0,0,0,2.82235371604,0,0,.,75,0
2,3,3,1.25,1,2,131,74,0.5
0,0,0,2.61370782482,0,0,.,73,0
1,1,1,1.25,0,1,100,72,0.5
0,0,0,2.28600189839,0,0,.,71,0
2,3,3,1.25,2,2,232,70,0.5
0,0,0,2.67984016457,0,0,.,69,0
1,2,3,1.25,0,3,003,68,0.5
0,0,0,2.23543041543,0,0,.,67,0
1,1,2,1.25,0,2,020,66,0.5
0,0,0,2.79378972395,0,0,.,65,0
2,3,1,1.25,2,2,221,64,0.5
0,0,0,2.35299264253,0,0,.,63,0
1,1,2,1.25,0,2,020,62,0.5
0,0,0,2.97922799024,0,0,.,61,0
2,0,3,1.25,1,1,311,60,0.5
0,0,0,2.36930233767,0,0,.,59,0
2,3,2,1.25,1,3,112,58,0.5
0,0,0,2.93326594047,0,0,.,57,0
1,1,1,1.25,0,1,100,56,0.5
0,0,0,2.36099577074,0,0,.,55,0
2,3,3,1.25,2,2,232,54,0.5
0,0,0,2.05588303484,0,0,.,53,0
1,1,2,1.25,0,2,020,52,0.5
0,0,0,2.71449628593,0,0,.,51,0
2,3,1,1.25,2,2,212,50,0.5
0,0,0,2.23389224269,0,0,.,49,0
1,2,3,1.25,0,3,003,48,0.5
0,0,0,2.36295645108,0,0,.,47,0
1,1,1,1.25,0,1,100,46,0.5
0,0,0,2.24947938426,0,0,.,45,0
2,3,1,1.25,3,2,313,44,0.5
0,0,0,2.15951477092,0,0,.,43,0
1,2,3,1.25,0,3,003,42,0.5
0,0,0,2.49947592191,0,0,.,41,0
1,1,3,1.25,0,3,003,40,0.5
0,0,0,2.39816482875,0,0,.,39,0
2,0,2,1.25,3,3,332,38,0.5
0,0,0,2.47071282727,0,0,.,37,0
2,3,2,1.25,1,1,211,36,0.5
0,0,0,2.74541608727,0,0,.,35,0
1,1,1,1.25,0,1,100,34,0.5
0,0,0,2.80804841066,0,0,.,33,0
2,3,3,1.25,2,1,322,32,0.5
0,0,0,2.38472654847,0,0,.,31,0
1,1,3,1.25,0,3,003,30,0.5
0,0,0,2.83160645992,0,0,.,29,0
2,0,1,1.25,2,2,221,28,0.5
0,0,0,2.64993238508,0,0,.,27,0
2,3,2,1.25,1,1,211,26,0.5
0,0,0,2.80574507506,0,0,.,25,0
1,2,2,1.25,0,2,020,24,0.5
0,0,0,2.88350231078,0,0,.,23,0
1,1,1,1.25,0,1,100,22,0.5
0,0,0,2.66533982266,0,0,.,21,0
2,0,3,1.25,1,1,311,20,0.5
0,0,0,2.80654639742,0,0,.,19,0
2,3,2,1.25,3,1,233,18,0.5
0,0,0,2.72609104293,0,0,.,17,0
1,2,3,1.25,0,3,003,16,0.5
0,0,0,2.11523982794,0,0,.,15,0
1,1,2,1.25,0,2,020,14,0.5
0,0,0,2.81184178244,0,0,.,13,0
2,3,3,1.25,2,1,322,12,0.5
0,0,0,2.70749600343,0,0,.,11,0
1,2,3,1.25,0,3,003,10,0.5
0,0,0,2.78214235317,0,0,.,9,0
1,1,2,1.25,0,2,020,8,0.5
0,0,0,2.83283171522,0,0,.,7,0
2,3,1,1.25,2,2,212,6,0.5
0,0,0,2.51674480786,0,0,.,5,0
1,1,1,1.25,0,1,100,4,0.5
0,0,0,2.78074840953,0,0,.,3,0
2,3,3,1.25,1,2,131,2,0.5
0,0,0,2.08322390303,0,0,.,1,0
