Condition,Conflict,Correct,Duration,Flanker,Position,Stimuli,Trial
0,0,0,2.08322390303,0,0,.,1
2,3,3,1.25,1,2,131,2
0,0,0,2.78074840953,0,0,.,3
1,1,1,1.25,0,1,100,4
0,0,0,2.51674480786,0,0,.,5
2,3,1,1.25,2,2,212,6
0,0,0,2.83283171522,0,0,.,7
1,1,2,1.25,0,2,020,8
0,0,0,2.78214235317,0,0,.,9
1,2,3,1.25,0,3,003,10
0,0,0,2.70749600343,0,0,.,11
2,3,3,1.25,2,1,322,12
0,0,0,2.81184178244,0,0,.,13
1,1,2,1.25,0,2,020,14
0,0,0,2.11523982794,0,0,.,15
1,2,3,1.25,0,3,003,16
0,0,0,2.72609104293,0,0,.,17
2,3,2,1.25,3,1,233,18
0,0,0,2.80654639742,0,0,.,19
2,0,3,1.25,1,1,311,20
0,0,0,2.66533982266,0,0,.,21
1,1,1,1.25,0,1,100,22
0,0,0,2.88350231078,0,0,.,23
1,2,2,1.25,0,2,020,24
0,0,0,2.80574507506,0,0,.,25
2,3,2,1.25,1,1,211,26
0,0,0,2.64993238508,0,0,.,27
2,0,1,1.25,2,2,221,28
0,0,0,2.83160645992,0,0,.,29
1,1,3,1.25,0,3,003,30
0,0,0,2.38472654847,0,0,.,31
2,3,3,1.25,2,1,322,32
0,0,0,2.80804841066,0,0,.,33
1,1,1,1.25,0,1,100,34
0,0,0,2.74541608727,0,0,.,35
2,3,2,1.25,1,1,211,36
0,0,0,2.47071282727,0,0,.,37
2,0,2,1.25,3,3,332,38
0,0,0,2.39816482875,0,0,.,39
1,1,3,1.25,0,3,003,40
0,0,0,2.49947592191,0,0,.,41
1,2,3,1.25,0,3,003,42
0,0,0,2.15951477092,0,0,.,43
2,3,1,1.25,3,2,313,44
0,0,0,2.24947938426,0,0,.,45
1,1,1,1.25,0,1,100,46
0,0,0,2.36295645108,0,0,.,47
1,2,3,1.25,0,3,003,48
0,0,0,2.23389224269,0,0,.,49
2,3,1,1.25,2,2,212,50
0,0,0,2.71449628593,0,0,.,51
1,1,2,1.25,0,2,020,52
0,0,0,2.05588303484,0,0,.,53
2,3,3,1.25,2,2,232,54
0,0,0,2.36099577074,0,0,.,55
1,1,1,1.25,0,1,100,56
0,0,0,2.93326594047,0,0,.,57
2,3,2,1.25,1,3,112,58
0,0,0,2.36930233767,0,0,.,59
2,0,3,1.25,1,1,311,60
0,0,0,2.97922799024,0,0,.,61
1,1,2,1.25,0,2,020,62
0,0,0,2.35299264253,0,0,.,63
2,3,1,1.25,2,2,221,64
0,0,0,2.79378972395,0,0,.,65
1,1,2,1.25,0,2,020,66
0,0,0,2.23543041543,0,0,.,67
1,2,3,1.25,0,3,003,68
0,0,0,2.67984016457,0,0,.,69
2,3,3,1.25,2,2,232,70
0,0,0,2.28600189839,0,0,.,71
1,1,1,1.25,0,1,100,72
0,0,0,2.61370782482,0,0,.,73
2,3,3,1.25,1,2,131,74
0,0,0,2.82235371604,0,0,.,75
2,0,2,1.25,3,3,332,76
0,0,0,2.25259768911,0,0,.,77
1,1,2,1.25,0,2,020,78
0,0,0,2.35353445765,0,0,.,79
2,3,1,1.25,3,3,331,80
0,0,0,2.57496925518,0,0,.,81
2,0,2,1.25,1,3,112,82
0,0,0,2.14100041691,0,0,.,83
1,1,1,1.25,0,1,100,84
0,0,0,2.97612027612,0,0,.,85
2,3,1,1.25,3,3,331,86
0,0,0,2.45615954046,0,0,.,87
2,0,2,1.25,3,1,233,88
0,0,0,2.12610117482,0,0,.,89
1,1,2,1.25,0,2,020,90
0,0,0,2.47905582139,0,0,.,91
1,2,1,1.25,0,1,100,92
0,0,0,2.50806985981,0,0,.,93
2,3,1,1.25,3,2,313,94
0,0,0,2.10915357159,0,0,.,95
1,1,3,1.25,0,3,003,96
0,0,0,2.36768119844,0,0,.,97
2,0,3,1.25,2,2,232,98
0,0,0,2.953373036,0,0,.,99
1,1,2,1.25,0,2,020,100
0,0,0,2.14611511809,0,0,.,101
2,3,3,1.25,2,1,322,102
0,0,0,2.88769054157,0,0,.,103
1,1,3,1.25,0,3,003,104
0,0,0,2.54625738157,0,0,.,105
2,3,2,1.25,3,1,233,106
0,0,0,2.38242088975,0,0,.,107
1,1,1,1.25,0,1,100,108
0,0,0,2.62393848698,0,0,.,109
2,3,3,1.25,2,1,322,110
0,0,0,2.89259410248,0,0,.,111
1,1,1,1.25,0,1,100,112
0,0,0,2.20466917141,0,0,.,113
2,3,2,1.25,1,1,211,114
0,0,0,2.71997274468,0,0,.,115
1,1,3,1.25,0,3,003,116
0,0,0,2.74584924178,0,0,.,117
2,3,3,1.25,1,2,131,118
0,0,0,2.9693028243,0,0,.,119
1,1,2,1.25,0,2,020,120
0,0,0,2.14746606784,0,0,.,121
2,3,3,1.25,1,1,311,122
0,0,0,2.90137248551,0,0,.,123
1,1,3,1.25,0,3,003,124
0,0,0,2.51695506639,0,0,.,125
2,3,1,1.25,3,3,331,126
0,0,0,2.80715743818,0,0,.,127
2,0,1,1.25,2,2,221,128
0,0,0,2.89102681757,0,0,.,129
1,1,2,1.25,0,2,020,130
0,0,0,2.14355320703,0,0,.,131
1,2,3,1.25,0,3,003,132
0,0,0,2.25501783536,0,0,.,133
2,3,3,1.25,2,2,232,134
0,0,0,2.72298107786,0,0,.,135
1,1,2,1.25,0,2,020,136
0,0,0,2.43890481956,0,0,.,137
1,2,2,1.25,0,2,020,138
0,0,0,2.23056420673,0,0,.,139
2,3,1,1.25,2,2,221,140
0,0,0,2.39268663073,0,0,.,141
2,0,3,1.25,1,2,131,142
0,0,0,2.38035216241,0,0,.,143
1,1,3,1.25,0,3,003,144
0,0,0,2.71123380724,0,0,.,145
1,2,1,1.25,0,1,100,146
0,0,0,2.62406587414,0,0,.,147
2,3,1,1.25,3,2,313,148
0,0,0,2.27834479999,0,0,.,149
2,0,2,1.25,3,3,332,150
0,0,0,2.81930012515,0,0,.,151
1,1,1,1.25,0,1,100,152
0,0,0,2.59315239239,0,0,.,153
1,2,3,1.25,0,3,003,154
0,0,0,2.51379395285,0,0,.,155
2,3,1,1.25,2,2,212,156
0,0,0,2.29911187375,0,0,.,157
2,0,3,1.25,1,1,311,158
0,0,0,2.57129565882,0,0,.,159
1,1,2,1.25,0,2,020,160
0,0,0,2.80304811747,0,0,.,161
1,2,3,1.25,0,3,003,162
0,0,0,2.02680036424,0,0,.,163
2,3,1,1.25,3,3,331,164
0,0,0,2.73374323074,0,0,.,165
2,0,2,1.25,3,1,233,166
0,0,0,2.21175214995,0,0,.,167
1,1,2,1.25,0,2,020,168
0,0,0,2.92017343042,0,0,.,169
1,2,1,1.25,0,1,100,170
0,0,0,2.61157075967,0,0,.,171
2,3,2,1.25,1,3,112,172
0,0,0,2.72551817905,0,0,.,173
2,0,2,1.25,3,3,332,174
0,0,0,2.3663067686,0,0,.,175
1,1,1,1.25,0,1,100,176
0,0,0,2.32255076714,0,0,.,177
2,3,1,1.25,2,2,212,178
0,0,0,2.3459667663,0,0,.,179
1,1,2,1.25,0,2,020,180
0,0,0,2.54674584387,0,0,.,181
1,2,1,1.25,0,1,100,182
0,0,0,2.73053276276,0,0,.,183
2,3,1,1.25,3,2,313,184
0,0,0,2.76347237375,0,0,.,185
1,1,3,1.25,0,3,003,186
0,0,0,2.61369079522,0,0,.,187
2,3,2,1.25,1,3,112,188
0,0,0,2.0355787436,0,0,.,189
1,1,1,1.25,0,1,100,190
0,0,0,2.02691182718,0,0,.,191
2,3,2,1.25,1,1,211,192
0,0,0,2.60294429306,0,0,.,193
1,2,2,1.25,0,2,020,194
0,0,0,2.40108371527,0,0,.,195
2,3,2,1.25,3,3,332,196
0,0,0,2.95985379693,0,0,.,197
1,1,3,1.25,0,3,003,198
0,0,0,2.01519285419,0,0,.,199
2,3,1,1.25,3,3,331,200
0,0,0,2.8817252844,0,0,.,201
2,0,2,1.25,1,3,112,202
0,0,0,2.11632031619,0,0,.,203
1,1,1,1.25,0,1,100,204
0,0,0,2.86204489892,0,0,.,205
2,3,3,1.25,2,2,232,206
0,0,0,2.79977376453,0,0,.,207
2,0,1,1.25,2,2,221,208
0,0,0,2.31915411412,0,0,.,209
1,1,2,1.25,0,2,020,210
0,0,0,2.48729927485,0,0,.,211
2,3,2,1.25,3,1,233,212
0,0,0,2.6965700879,0,0,.,213
2,0,3,1.25,1,1,311,214
0,0,0,2.44795460662,0,0,.,215
1,1,1,1.25,0,1,100,216
0,0,0,2.96015700459,0,0,.,217
1,2,1,1.25,0,1,100,218
0,0,0,2.97623043152,0,0,.,219
2,3,3,1.25,1,2,131,220
0,0,0,2.22406184223,0,0,.,221
1,1,1,1.25,0,1,100,222
0,0,0,2.00996493969,0,0,.,223
1,2,3,1.25,0,3,003,224
0,0,0,2.77556466548,0,0,.,225
2,3,1,1.25,3,2,313,226
0,0,0,2.30842864616,0,0,.,227
1,1,3,1.25,0,3,003,228
0,0,0,2.26194503451,0,0,.,229
2,3,1,1.25,3,2,313,230
0,0,0,2.21503409387,0,0,.,231
1,1,3,1.25,0,3,003,232
0,0,0,2.77429942017,0,0,.,233
2,3,3,1.25,2,2,232,234
0,0,0,2.35751883937,0,0,.,235
2,0,1,1.25,2,2,221,236
0,0,0,2.37291962808,0,0,.,237
1,1,2,1.25,0,2,020,238
0,0,0,2.36098739607,0,0,.,239
1,2,3,1.25,0,3,003,240
0,0,0,2.28544205771,0,0,.,241
2,3,2,1.25,3,1,233,242
0,0,0,2.14408836783,0,0,.,243
1,1,1,1.25,0,1,100,244
0,0,0,2.53817924181,0,0,.,245
1,2,1,1.25,0,1,100,246
0,0,0,2.95737163191,0,0,.,247
2,3,3,1.25,1,2,131,248
0,0,0,2.65838651904,0,0,.,249
2,0,2,1.25,1,1,211,250
0,0,0,2.24660578421,0,0,.,251
1,1,1,1.25,0,1,100,252
0,0,0,2.7809631265,0,0,.,253
2,3,2,1.25,1,3,112,254
0,0,0,2.38181309195,0,0,.,255
2,0,3,1.25,2,1,322,256
0,0,0,2.0719922762,0,0,.,257
1,1,2,1.25,0,2,020,258
0,0,0,2.37802629561,0,0,.,259
1,2,2,1.25,0,2,020,260
0,0,0,2.57497540155,0,0,.,261
2,3,1,1.25,3,3,331,262
0,0,0,2.40133121203,0,0,.,263
2,0,2,1.25,1,1,211,264
0,0,0,2.48008392841,0,0,.,265
1,1,1,1.25,0,1,100,266
0,0,0,2.3351960154,0,0,.,267
2,3,3,1.25,1,1,311,268
0,0,0,2.32529899166,0,0,.,269
1,1,3,1.25,0,3,003,270
0,0,0,2.21214728604,0,0,.,271
2,3,2,1.25,3,3,332,272
0,0,0,2.2697908327,0,0,.,273
1,1,3,1.25,0,3,003,274
0,0,0,2.66334615153,0,0,.,275
2,3,3,1.25,2,1,322,276
0,0,0,2.28789561057,0,0,.,277
2,0,1,1.25,2,2,212,278
0,0,0,2.43990225863,0,0,.,279
1,1,2,1.25,0,2,020,280
0,0,0,2.59803905887,0,0,.,281
1,2,2,1.25,0,2,020,282
0,0,0,2.37737805461,0,0,.,283
2,3,1,1.25,2,2,212,284
0,0,0,2.56710418455,0,0,.,285
1,1,2,1.25,0,2,020,286
0,0,0,2.33653235311,0,0,.,287
1,2,3,1.25,0,3,003,288
0,0,0,2.24544827464,0,0,.,289
1,1,3,1.25,0,3,003,290
0,0,0,2.95733564679,0,0,.,291
1,2,3,1.25,0,3,003,292
0,0,0,2.2669283181,0,0,.,293
2,3,2,1.25,1,1,211,294
0,0,0,2.60548155046,0,0,.,295
1,1,2,1.25,0,2,020,296
0,0,0,2.22144963296,0,0,.,297
1,2,3,1.25,0,3,003,298
0,0,0,2.42507887798,0,0,.,299
2,3,1,1.25,2,2,212,300
0,0,0,2.48441080311,0,0,.,301
1,1,2,1.25,0,2,020,302
0,0,0,2.73225735052,0,0,.,303
2,3,2,1.25,1,1,211,304
0,0,0,2.31489599511,0,0,.,305
1,1,3,1.25,0,3,003,306
0,0,0,2.87021579051,0,0,.,307
2,3,2,1.25,1,3,112,308
0,0,0,2.12519535989,0,0,.,309
2,0,2,1.25,3,1,233,310
0,0,0,2.73419175174,0,0,.,311
1,1,3,1.25,0,3,003,312
0,0,0,2.28721596037,0,0,.,313
2,3,3,1.25,1,1,311,314
0,0,0,2.48613389132,0,0,.,315
1,1,2,1.25,0,2,020,316
0,0,0,2.52614558211,0,0,.,317
1,2,2,1.25,0,2,020,318
0,0,0,2.91796047924,0,0,.,319
2,3,1,1.25,2,2,221,320
0,0,0,2.71502048069,0,0,.,321
1,1,2,1.25,0,2,020,322
0,0,0,2.5523152765,0,0,.,323
1,2,2,1.25,0,2,020,324
0,0,0,2.76178506319,0,0,.,325
2,3,1,1.25,3,2,313,326
0,0,0,2.53824442417,0,0,.,327
1,1,2,1.25,0,2,020,328
0,0,0,2.86626193742,0,0,.,329
1,2,1,1.25,0,1,100,330
0,0,0,2.19662292287,0,0,.,331
2,3,1,1.25,3,2,313,332
0,0,0,2.15011914776,0,0,.,333
2,0,3,1.25,2,2,232,334
0,0,0,2.72264537793,0,0,.,335
1,1,3,1.25,0,3,003,336
0,0,0,2.17512331642,0,0,.,337
2,3,1,1.25,2,2,212,338
0,0,0,2.17040731604,0,0,.,339
1,1,1,1.25,0,1,100,340
0,0,0,2.7152612899,0,0,.,341
2,3,3,1.25,2,1,322,342
0,0,0,2.0202497756,0,0,.,343
2,0,2,1.25,1,3,112,344
0,0,0,2.6925292566,0,0,.,345
1,1,3,1.25,0,3,003,346
0,0,0,2.03173600468,0,0,.,347
2,3,1,1.25,2,2,221,348
0,0,0,2.00384516834,0,0,.,349
2,0,3,1.25,1,2,131,350
0,0,0,2.32488164264,0,0,.,351
1,1,1,1.25,0,1,100,352
0,0,0,2.87257465269,0,0,.,353
2,3,3,1.25,1,2,131,354
0,0,0,2.28561481172,0,0,.,355
2,0,3,1.25,2,2,232,356
0,0,0,2.92983074859,0,0,.,357
1,1,1,1.25,0,1,100,358
0,0,0,2.0735151554,0,0,.,359
1,2,1,1.25,0,1,100,360
0,0,0,2.90728692619,0,0,.,361
2,3,2,1.25,3,1,233,362
0,0,0,2.54135693224,0,0,.,363
2,0,2,1.25,3,3,332,364
0,0,0,2.97896400623,0,0,.,365
1,1,1,1.25,0,1,100,366
0,0,0,2.89090499497,0,0,.,367
1,2,1,1.25,0,1,100,368
0,0,0,2.39005649095,0,0,.,369
2,3,3,1.25,1,1,311,370
0,0,0,2.44424149028,0,0,.,371
2,0,1,1.25,3,3,331,372
0,0,0,2.85001248524,0,0,.,373
1,1,2,1.25,0,2,020,374
0,0,0,2.08540056747,0,0,.,375
1,2,3,1.25,0,3,003,376
0,0,0,2.40006062185,0,0,.,377
2,3,1,1.25,3,3,331,378
0,0,0,2.70209431649,0,0,.,379
2,0,2,1.25,3,3,332,380
0,0,0,2.75592377107,0,0,.,381
1,1,1,1.25,0,1,100,382
0,0,0,2.52113344325,0,0,.,383
2,3,3,1.25,2,1,322,384
0,0,0,2.30372813154,0,0,.,385
2,0,2,1.25,3,1,233,386
0,0,0,2.92603560163,0,0,.,387
1,1,1,1.25,0,1,100,388
0,0,0,2.51571873726,0,0,.,389
1,2,1,1.25,0,1,100,390
0,0,0,2.19902243371,0,0,.,391
2,3,2,1.25,1,3,112,392
0,0,0,2.06525200263,0,0,.,393
1,1,3,1.25,0,3,003,394
0,0,0,2.96410614434,0,0,.,395
2,3,1,1.25,3,3,331,396
0,0,0,2.7509184489,0,0,.,397
1,1,1,1.25,0,1,100,398
0,0,0,2.85199916764,0,0,.,399
2,3,3,1.25,1,1,311,400
0,0,0,2.36264586753,0,0,.,401
2,0,1,1.25,2,2,221,402
0,0,0,2.28167549265,0,0,.,403
1,1,3,1.25,0,3,003,404
0,0,0,2.17474286334,0,0,.,405
2,3,1,1.25,2,2,221,406
0,0,0,2.05800738341,0,0,.,407
1,1,3,1.25,0,3,003,408
0,0,0,2.35510600172,0,0,.,409
2,3,3,1.25,2,2,232,410
0,0,0,2.62427948159,0,0,.,411
1,1,2,1.25,0,2,020,412
0,0,0,2.3237139354,0,0,.,413
1,2,3,1.25,0,3,003,414
0,0,0,2.32007209061,0,0,.,415
2,3,1,1.25,3,2,313,416
0,0,0,2.45002036059,0,0,.,417
2,0,1,1.25,2,2,212,418
0,0,0,2.60405559687,0,0,.,419
1,1,3,1.25,0,3,003,420
0,0,0,2.95336352205,0,0,.,421
1,2,2,1.25,0,2,020,422
0,0,0,2.27570937504,0,0,.,423
2,3,2,1.25,3,1,233,424
0,0,0,2.36360078908,0,0,.,425
2,0,3,1.25,2,1,322,426
0,0,0,2.80471665673,0,0,.,427
1,1,1,1.25,0,1,100,428
0,0,0,2.44638713028,0,0,.,429
1,2,1,1.25,0,1,100,430
0,0,0,2.25807558026,0,0,.,431
2,3,2,1.25,3,3,332,432
0,0,0,2.49298770678,0,0,.,433
2,0,3,1.25,2,1,322,434
0,0,0,2.18627044135,0,0,.,435
1,1,2,1.25,0,2,020,436
0,0,0,2.19338325574,0,0,.,437
1,2,3,1.25,0,3,003,438
0,0,0,2.68397209705,0,0,.,439
2,3,1,1.25,3,2,313,440
0,0,0,2.51679350219,0,0,.,441
2,0,3,1.25,1,1,311,442
0,0,0,2.6980709153,0,0,.,443
1,1,1,1.25,0,1,100,444
0,0,0,2.07778942913,0,0,.,445
2,3,2,1.25,1,1,211,446
0,0,0,2.61246726839,0,0,.,447
1,1,2,1.25,0,2,020,448
0,0,0,2.76238803741,0,0,.,449
1,2,1,1.25,0,1,100,450
0,0,0,2.50493571699,0,0,.,451
2,3,2,1.25,1,3,112,452
0,0,0,2.88472888159,0,0,.,453
2,0,3,1.25,1,2,131,454
0,0,0,2.22175956936,0,0,.,455
1,1,2,1.25,0,2,020,456
0,0,0,2.06145004365,0,0,.,457
1,2,3,1.25,0,3,003,458
0,0,0,2.24051690379,0,0,.,459
2,3,2,1.25,3,3,332,460
0,0,0,2.1505381911,0,0,.,461
2,0,3,1.25,2,2,232,462
0,0,0,2.57625487616,0,0,.,463
1,1,2,1.25,0,2,020,464
0,0,0,2.39504727853,0,0,.,465
2,3,2,1.25,1,1,211,466
0,0,0,2.4751218016,0,0,.,467
1,1,1,1.25,0,1,100,468
0,0,0,2.29125470597,0,0,.,469
1,2,2,1.25,0,2,020,470
0,0,0,2.8191547993,0,0,.,471
2,3,3,1.25,1,2,131,472
0,0,0,2.61844277238,0,0,.,473
2,0,1,1.25,2,2,212,474
0,0,0,2.96998614749,0,0,.,475
1,1,3,1.25,0,3,003,476
0,0,0,2.65237066945,0,0,.,477
1,2,2,1.25,0,2,020,478
0,0,0,2.33513708548,0,0,.,479
2,3,1,1.25,3,3,331,480
0,0,0,2.07732892601,0,0,.,481
2,3,2,1.25,1,3,112,482
0,0,0,2.00218251056,0,0,.,483
1,1,1,1.25,0,1,100,484
0,0,0,2.45207742126,0,0,.,485
2,3,2,1.25,1,1,211,486
0,0,0,2.46514529804,0,0,.,487
2,0,3,1.25,1,2,131,488
0,0,0,2.05198426305,0,0,.,489
1,1,1,1.25,0,1,100,490
0,0,0,2.19465031517,0,0,.,491
1,2,1,1.25,0,1,100,492
0,0,0,2.08527788668,0,0,.,493
2,3,3,1.25,1,1,311,494
0,0,0,2.37986992688,0,0,.,495
1,1,2,1.25,0,2,020,496
0,0,0,2.45526032878,0,0,.,497
1,2,3,1.25,0,3,003,498
0,0,0,2.96764704945,0,0,.,499
2,3,1,1.25,2,2,221,500
0,0,0,2.66269422727,0,0,.,501
2,0,1,1.25,2,2,212,502
0,0,0,2.12554615088,0,0,.,503
1,1,2,1.25,0,2,020,504
0,0,0,2.53890627527,0,0,.,505
1,2,3,1.25,0,3,003,506
0,0,0,2.51196474346,0,0,.,507
2,3,1,1.25,3,2,313,508
0,0,0,2.4135225132,0,0,.,509
1,1,2,1.25,0,2,020,510
0,0,0,2.06638605988,0,0,.,511
2,3,1,1.25,3,2,313,512
0,0,0,2.58407770655,0,0,.,513
1,1,3,1.25,0,3,003,514
0,0,0,2.63954398866,0,0,.,515
2,3,2,1.25,1,1,211,516
0,0,0,2.35562156246,0,0,.,517
1,1,2,1.25,0,2,020,518
0,0,0,2.15231105066,0,0,.,519
2,3,1,1.25,3,3,331,520
0,0,0,2.52143061952,0,0,.,521
2,0,3,1.25,1,2,131,522
0,0,0,2.5101868253,0,0,.,523
1,1,2,1.25,0,2,020,524
0,0,0,2.51767687472,0,0,.,525
2,3,3,1.25,2,2,232,526
0,0,0,2.62697686043,0,0,.,527
2,0,1,1.25,2,2,212,528
0,0,0,2.29201771126,0,0,.,529
1,1,3,1.25,0,3,003,530
0,0,0,2.1824898279,0,0,.,531
2,3,2,1.25,3,1,233,532
0,0,0,2.43381342859,0,0,.,533
1,1,2,1.25,0,2,020,534
0,0,0,2.8572074482,0,0,.,535
1,2,1,1.25,0,1,100,536
0,0,0,2.42667853922,0,0,.,537
2,3,3,1.25,1,1,311,538
0,0,0,2.92213627329,0,0,.,539
1,1,3,1.25,0,3,003,540
0,0,0,2.44665551638,0,0,.,541
2,3,2,1.25,3,3,332,542
0,0,0,2.75032172058,0,0,.,543
1,1,1,1.25,0,1,100,544
0,0,0,2.82906289144,0,0,.,545
2,3,3,1.25,2,1,322,546
0,0,0,2.07842220427,0,0,.,547
1,1,3,1.25,0,3,003,548
0,0,0,2.10020135177,0,0,.,549
2,3,1,1.25,2,2,221,550
0,0,0,2.09893219926,0,0,.,551
1,1,2,1.25,0,2,020,552
0,0,0,2.37598616763,0,0,.,553
2,3,3,1.25,2,1,322,554
0,0,0,2.47366711715,0,0,.,555
1,1,3,1.25,0,3,003,556
0,0,0,2.52067817603,0,0,.,557
2,3,1,1.25,3,3,331,558
0,0,0,2.17301126384,0,0,.,559
2,0,2,1.25,3,1,233,560
0,0,0,2.55418116153,0,0,.,561
1,1,2,1.25,0,2,020,562
0,0,0,2.33363822374,0,0,.,563
1,2,1,1.25,0,1,100,564
0,0,0,2.44599324255,0,0,.,565
2,3,2,1.25,1,3,112,566
0,0,0,2.34716001568,0,0,.,567
2,0,3,1.25,2,2,232,568
0,0,0,2.95692858749,0,0,.,569
1,1,3,1.25,0,3,003,570
0,0,0,2.60515520947,0,0,.,571
2,3,2,1.25,3,3,332,572
0,0,0,2.24824131096,0,0,.,573
1,1,1,1.25,0,1,100,574
0,0,0,2.17929224608,0,0,.,575
1,2,1,1.25,0,1,100,576
0,0,0,2.51125460982,0,0,.,577
1,2,2,1.25,0,2,020,578
0,0,0,2.49382319875,0,0,.,579
2,3,2,1.25,1,1,211,580
0,0,0,2.25783279037,0,0,.,581
1,1,3,1.25,0,3,003,582
0,0,0,2.01392694622,0,0,.,583
2,3,1,1.25,3,2,313,584
0,0,0,2.6963004678,0,0,.,585
1,1,1,1.25,0,1,100,586
0,0,0,2.52135703619,0,0,.,587
2,3,2,1.25,1,3,112,588
0,0,0,2.33284371395,0,0,.,589
2,0,2,1.25,3,3,332,590
0,0,0,2.57805661258,0,0,.,591
1,1,1,1.25,0,1,100,592
0,0,0,2.55037365479,0,0,.,593
2,3,3,1.25,1,2,131,594
0,0,0,2.70386021326,0,0,.,595
1,1,1,1.25,0,1,100,596
0,0,0,2.61693030561,0,0,.,597
2,3,3,1.25,2,1,322,598
0,0,0,2.90278913432,0,0,.,599
1,1,2,1.25,0,2,020,600
0,0,0,2.57391462969,0,0,.,601
2,3,2,1.25,1,3,112,602
0,0,0,2.37928759284,0,0,.,603
1,1,3,1.25,0,3,003,604
0,0,0,2.02131276537,0,0,.,605
2,3,1,1.25,3,3,331,606
0,0,0,2.58831852761,0,0,.,607
2,0,3,1.25,1,1,311,608
0,0,0,2.15889487138,0,0,.,609
1,1,1,1.25,0,1,100,610
0,0,0,2.2860995734,0,0,.,611
2,3,3,1.25,1,1,311,612
0,0,0,2.69550622132,0,0,.,613
1,1,2,1.25,0,2,020,614
0,0,0,2.59901600854,0,0,.,615
1,2,1,1.25,0,1,100,616
0,0,0,2.18510678098,0,0,.,617
2,3,2,1.25,1,1,211,618
0,0,0,2.08707128896,0,0,.,619
1,1,2,1.25,0,2,020,620
0,0,0,2.85573306303,0,0,.,621
2,3,1,1.25,3,2,313,622
0,0,0,2.91633802753,0,0,.,623
1,1,2,1.25,0,2,020,624
0,0,0,2.16786085053,0,0,.,625
2,3,3,1.25,2,2,232,626
0,0,0,2.82857635606,0,0,.,627
1,1,3,1.25,0,3,003,628
0,0,0,2.62077422055,0,0,.,629
2,3,2,1.25,3,1,233,630
0,0,0,2.74268758492,0,0,.,631
1,1,3,1.25,0,3,003,632
0,0,0,2.78269459128,0,0,.,633
2,3,1,1.25,2,2,221,634
0,0,0,2.26751795987,0,0,.,635
2,0,1,1.25,2,2,212,636
0,0,0,2.29272928274,0,0,.,637
1,1,3,1.25,0,3,003,638
0,0,0,2.09191282497,0,0,.,639
2,3,2,1.25,3,3,332,640
0,0,0,2.67802733534,0,0,.,641
1,1,3,1.25,0,3,003,642
0,0,0,2.15371265499,0,0,.,643
1,2,1,1.25,0,1,100,644
0,0,0,2.05788234689,0,0,.,645
2,3,3,1.25,2,1,322,646
0,0,0,2.23719086584,0,0,.,647
1,1,3,1.25,0,3,003,648
0,0,0,2.29720719374,0,0,.,649
1,2,1,1.25,0,1,100,650
0,0,0,2.46982031694,0,0,.,651
2,3,1,1.25,3,3,331,652
0,0,0,2.71133154206,0,0,.,653
2,0,3,1.25,1,2,131,654
0,0,0,2.99899409173,0,0,.,655
1,1,2,1.25,0,2,020,656
0,0,0,2.19096255093,0,0,.,657
2,3,1,1.25,2,2,212,658
0,0,0,2.3174463047,0,0,.,659
1,1,2,1.25,0,2,020,660
0,0,0,2.68597618653,0,0,.,661
2,3,2,1.25,3,1,233,662
0,0,0,2.47406756053,0,0,.,663
2,0,3,1.25,2,2,232,664
0,0,0,2.38862846117,0,0,.,665
1,1,3,1.25,0,3,003,666
0,0,0,2.14889647455,0,0,.,667
1,2,1,1.25,0,1,100,668
0,0,0,2.34990225459,0,0,.,669
2,3,1,1.25,2,2,221,670
0,0,0,2.69754891491,0,0,.,671
1,1,2,1.25,0,2,020,672
0,0,0,2.31261204832,0,0,.,673
1,1,3,1.25,0,3,003,674
0,0,0,2.11181766172,0,0,.,675
2,3,3,1.25,1,1,311,676
0,0,0,2.99137120348,0,0,.,677
1,1,2,1.25,0,2,020,678
0,0,0,2.13661801665,0,0,.,679
2,3,3,1.25,1,2,131,680
0,0,0,2.01223092024,0,0,.,681
1,1,3,1.25,0,3,003,682
0,0,0,2.45793843547,0,0,.,683
2,3,1,1.25,3,3,331,684
0,0,0,2.85694587085,0,0,.,685
2,0,3,1.25,1,2,131,686
0,0,0,2.87692397202,0,0,.,687
1,1,2,1.25,0,2,020,688
0,0,0,2.30248804857,0,0,.,689
2,3,2,1.25,3,1,233,690
0,0,0,2.64642425497,0,0,.,691
1,1,1,1.25,0,1,100,692
0,0,0,2.63573064351,0,0,.,693
1,2,3,1.25,0,3,003,694
0,0,0,2.13290883051,0,0,.,695
2,3,1,1.25,2,2,212,696
0,0,0,2.28792147974,0,0,.,697
1,1,1,1.25,0,1,100,698
0,0,0,2.58122636696,0,0,.,699
2,3,2,1.25,3,3,332,700
0,0,0,2.31945239113,0,0,.,701
2,0,2,1.25,3,1,233,702
0,0,0,2.4384031767,0,0,.,703
1,1,3,1.25,0,3,003,704
0,0,0,2.96354778362,0,0,.,705
1,2,1,1.25,0,1,100,706
0,0,0,2.72237521517,0,0,.,707
2,3,1,1.25,2,2,221,708
0,0,0,2.08867389254,0,0,.,709
2,0,2,1.25,1,1,211,710
0,0,0,2.1863719811,0,0,.,711
1,1,2,1.25,0,2,020,712
0,0,0,2.96046983241,0,0,.,713
2,3,1,1.25,3,3,331,714
0,0,0,2.03514597517,0,0,.,715
1,1,1,1.25,0,1,100,716
0,0,0,2.16901135017,0,0,.,717
2,3,3,1.25,2,1,322,718
0,0,0,2.95090257096,0,0,.,719
1,1,2,1.25,0,2,020,720
0,0,0,2.21876176169,0,0,.,721
1,2,3,1.25,0,3,003,722
0,0,0,2.97663352727,0,0,.,723
2,3,3,1.25,2,2,232,724
0,0,0,2.2025210891,0,0,.,725
1,1,1,1.25,0,1,100,726
0,0,0,2.25785740037,0,0,.,727
1,2,3,1.25,0,3,003,728
0,0,0,2.24524749013,0,0,.,729
2,3,2,1.25,1,3,112,730
0,0,0,2.29242165831,0,0,.,731
2,0,1,1.25,2,2,212,732
0,0,0,2.87560650805,0,0,.,733
1,1,3,1.25,0,3,003,734
0,0,0,2.65215470274,0,0,.,735
2,3,1,1.25,3,2,313,736
0,0,0,2.18835841745,0,0,.,737
1,1,1,1.25,0,1,100,738
0,0,0,2.91081292852,0,0,.,739
2,3,2,1.25,3,3,332,740
0,0,0,2.86933129748,0,0,.,741
2,0,1,1.25,2,2,221,742
0,0,0,2.69027283083,0,0,.,743
1,1,2,1.25,0,2,020,744
0,0,0,2.9172248001,0,0,.,745
2,3,2,1.25,1,1,211,746
0,0,0,2.95183458078,0,0,.,747
1,1,3,1.25,0,3,003,748
0,0,0,2.4214020842,0,0,.,749
1,2,1,1.25,0,1,100,750
0,0,0,2.76382256384,0,0,.,751
2,3,3,1.25,1,1,311,752
0,0,0,2.50610885657,0,0,.,753
2,0,3,1.25,2,1,322,754
0,0,0,2.18352420394,0,0,.,755
1,1,1,1.25,0,1,100,756
0,0,0,2.00563579415,0,0,.,757
1,2,2,1.25,0,2,020,758
0,0,0,2.10485886916,0,0,.,759
2,3,1,1.25,3,2,313,760
0,0,0,2.96369501828,0,0,.,761
1,1,2,1.25,0,2,020,762
0,0,0,2.8718302985,0,0,.,763
1,2,2,1.25,0,2,020,764
0,0,0,2.63779859245,0,0,.,765
2,3,3,1.25,2,2,232,766
0,0,0,2.32083713251,0,0,.,767
2,0,2,1.25,1,3,112,768